tyler,macari
michelle,desautels
curt,desautels
jeremy,dexter
juli,dexter
abigail,dexter
charles,tsoumakas
sheila,tsoumakas
charles,tsoumakas
zachary,tsoumakas
troy,araujo
robert,howes
timothy,castelli
theresa,castelli
amelia,castelli
michael,spaziano
jennifer,spaziano
joy,citak
thomas,citak
john,miner
julienne,miner
rick,cabral
evan,cabral
donna,couture
scott,weller
tyler,weller
ashley,weller
robyn,agrela
joao,agrela
alexis,agrela
diana,calise
christopher,calise
christopher,calise
joseph,colavecchio
nicole,colavecchio
gregory,hollingworth
christina,hollingworth
christina,broughton
stafford,broughton
carol,dutra
justin,dutra
timothy,dutra
jennifer,martini
wayne,martini
wayne,martini
david,martino
linda,martino
nicole,martino
david,aiello
debra,aiello
michael,aiello
david,aiello
ann,carbone
dionna,devine
robert,carbone
danielle,carbone
domenic,carbone
kristine,toic
john,toic
talia,giarrusso
vanessa,toic
james,delbonis
marjorie,delbonis
sandra,kalashian
milton,kalashian
david,rotondo
nina,flanders
cindy,andrade
mark,andrade
theresa,andrade
michael,petrarca
jennifer,petrarca
jennifer,almeida
joshua,almeida
dane,meisler
emma,wilkinson
stephen,wilkinson
cheryl,voccio
richard,voccio
danielle,voccio
ryan,voccio
heather,strong
warren,strong
sharon,nightingale
brooke,taylor
philip,nightingale
nicole,pellegrino
carl,pellegrino
steven,kearney
madisen,kearney
melissa,kearney
derek,scheefer
julie,scheefer
abdul,banai
inna,chvetsova
samir,banai
arif,banai
hadaitullah,amini
robert,amalfetano
tracy,amalfetano
nilofar,syed
waseem,syed
brendon,furtado
nicole,furtado
jordan,furtado
andrew,karn
mary,karn
sarah,karn
altayeb,shehadeh
bashar,shehadeh
ahlam,shehadeh
aref,shehadeh
hashem,shehadeh
mohammad,shehadeh
james,federico
melanie,federico
alicia,de carvalho
mohibullah,woodod
hassadullah,amini
tamena,amini
shakhiba,amini
zamira,amini
sabrina,amini
patricia,lucci
steven,lucci
alexa,lucci
mitchell,lucci
jennifer,groves
natalie,stewart guay
glen,guay
dylan,odonnell
katherine,odonnell
thomas,odonnell
devon,marsden
jason,marsden
robert,bruzzi
chad,tvenstrup
roberta,tvenstrup
gianna,palermo
alexandria,palermo
angela,ronci
matthew,vorro
elaine,vorro
allison,baker
christopher,baker
colin,mulcahey
katherine,mulcahey
wilson,allen
lorraine,allen
alison,dottor
craig,dottor
karen,dulude
wayne,dulude
harrison,dulude
monique,grandy
michael,grandy
sean,grandy
maia,grandy
cassie,buckley
brooke,kelly
matthew,kelly
william,mitchell
paul,faiola
tammy,faiola
derek,dipetrillo
kerry,bruno
roland,bruno
morgan,bruno
christopher,dyer
jennifer,dyer
jean,finnerty
michael,silva
brittany,palfy
kimberly,silva
julia,tanski
david,tanski
joseph,varin
kristina,ciampanelli
kyle,tremblay
angela,stanley
ryan,simko
sara,nadeau
michael,nadeau
john,ellison
lindsey,fratus
laurie,ellison
karen,duff
keith,duff
michael,larkin
jack,duff
christine,dickison
jeanne,oliver
edward,tudino
margaret,tudino
tina,tudino
peter,palumbo
mariah,kmon
sheena,palumbo
karen,kelly
michael,kelly
cheryl,brown
francis,brown
roger,leclerc
debra,kibbe
richard,mourao
phillip,mourao
marilyn,vincent
mark,vincent
ann,flodin
gail,flodin
greg,flodin
santina,leathers
raymond,leathers
robert,mclaughlin
kevin,gormley
cheron,casper
andre,lachapelle
james,deziel
jeremy,desrosiers
eugene,white
nancy,white
robert,vespia
alferio,muschiano
jamie,oconnor
valerie,oconnor
casey,oconnor
samantha,oconnor
maryann,jodoin
antonio,diraimo
melissa,diraimo
paul,gabrielson
arthur,hayek
kathryn,schortmann
alfred,smith
cameron,frament
richard,falcone
david,grande
donamarie,grande
vanessa,grande
phaedra,grande
steven,lombardo
michelle,lombardo
dawn,florenz
michael,florenz
erica,florenz
stephen,marandola
susan,marandola
john,keefe
amanda,keefe
brianna,keefe
vincent,moretti
karen,ferri
henry,pasquazzi
paula,pasquazzi
george,lonergan
lisa,lonergan
luigi,macera
eduarda,macera
camilla,macera
clay,checketts
drake,thomas
dee,moniz
kevin,moniz
lisa,st angelo
david,hill
courtney,desisto
duane,desisto
keleigh,welch
patrick,welch
adam,welch
lindsey,welch
fallon,medeiros
jill,medeiros
joseph,wold
julia,wold
caitlin,boyns
richard,mumford
aislinn,mumford
janet,norys
norman,norys
derek,fague
ann,mumford alldridge
siobhan,mumford
lisa,st pierre
michael,st pierre
david,st pierre
elisabeth,paige
allison,turner
constance,turner
michael,turner
ryan,turner
katherine,mumford
thomas,mumford
mary,mumford-haley
tracey,haley
katherine,haley
haley,costigan
lisa,bertrand
donald,campano
mary,campano
ralph,campano
randy,campano
james,petrarca
sheryl,petrarca
brian,petrarca
jessica,northup
ronald,northup
veronica,northup
casey,northup
hans,bergey
hilja,bergey
marcus,farrell
gayle,carter
sheena,carter
maurice,gregoire
melissa,gregoire
joyce,gregoire
carmela,marks
robert,marks
crystal,marks
marc,frateschi
jaime,frateschi
robert,tasca
therase,tasca
alan,weeks
mary,santoro weeks
steven,mullen
anthony,degregory
nelson,smith
tanya,smith
charles,turner
christine,turner
david,goretoy
deidre,goretoy
john,pezzillo
thomas,mchugh
jennifer,straiga
david,cole
cherie,cole
jacqueline,pitochelli
richard,newman
kaitlyn,carcieri
peter,charnauskas
vincent,merola
derek,randall
carol,papa
robert,papa
jessica,papa
mytien,nguyen
stephanie,tran
caren,almada
antonio,almada
thomas,bottone
lisa,tomassi
shawn,desrosiers
justin,franks
elizabeth,franks
luigi,simeone
peter,simeone
rosalba,nocera
michelangelo,nocera
adriana,nocera
nadia,nocera
joseph,pitocco
velia,pitocco
robert,pitocco
emily,nocera
francesco,nocera
carol,trafford
john,trafford
laurie,mchugh
melissa,mchugh
corey,mchugh
brian,mcinnis
renee,mcinnis
aaron,mcinnis
christoph,mcinnis
kieran,mcinnis
angela,moran
jean,moran
charlene,clairborne
wayne,clairborne
matthew,mallinson
alexandra,fidas
alexis,fidas
andronikos,fidas
susan,greenhalgh
joanne,thompson
timothy,homerston
justin,homerston
debra,jackson homerston
gerald,pincins
jacqueline,pincins
john,lambert
bradley,lambert
kristen,maycock
nikolas,pandis
stephen,marcotte
karen,marcotte
cameron,marcotte
nicholas,driscoll
mickaela,driscoll
augustine,saccoccio
doris,saccoccio
christopher,catanzaro
deborah,catanzaro
andrew,gervasio
jordan,gervasio
rebecca,gervasio
alissa,bateman
william,bateman
annie-rae,marques
christopher,marques
megan,flock
tristen,flock
jeffrey,cathcart
joanne,cathcart
sara,cathcart
lindsay,cathcart
lisa,hazard
curtis,hazard
debra,padula
joseph,padula
alexandra,padula
david,hazard
janet,misiaszek
jake,misiaszek
anthony,berghelli
john,ogrady
kevin,ogrady
kathleen,szpila
katrina,kleinhans
richard,brown
lisa,musco
paul,musco
christopher,musco
cameron,musco
brett,musco
rachel,gonzalez
maria,medeiros
richard,medeiros
kristen,izzi
nicholas,izzi
jared,izzi
tyler,izzi
danielle,izzi
elizabeth,buono
george,ellingwood
mary,ellingwood
alexa,buono
kristen,erban
john,donaghy
christopher,borys
lori,borys
patricia,hammond
ralph,hammond
diane,laferriere
laurie,enright
robert,enright
kristen,ryan
nicholas,meleo
sara,gove
lori,janton
marissa,janton
renee,misiaszek
richard,misiaszek
joseph,vitullo
lisa,vitullo
joseph,vitullo
christopher,vitullo
kimberly,warren
jason,ryll
amanda,cabral
david,colagiovanni
richard,gemma
ercan,mccourt
carolyn,mccourt
christopher,benoit
jodi,lyons
matthew,vierra
elise,rintala
stacey,caparco
melodie,hebert
thomas,hebert
deborah,cota-henry
jessica,hebert
jeanne,gowdey
randy,gowdey
tammy,pelletier
cristina,pelletier
elizabeth,pelletier
charles,bachini
erin,bachini
charles,bachini
claudette,johnson
brian,godin
douglas,johnson
david,grady
mary,grady
shayna,grady
daniel,drinkuth
charlotte,lheureux
kayla,beaufort
sherri,slaimen
david,slaimen
glenn,slaimen
william,larocque
pamela,kobrock
daniel,heaton
russell,heaton
brian,brown
lori,brown
ashlin,brown
phyllis,iacona
emilio,matos
rafaelina,matos
emilio,matos
nicholas,matos
christopher,contillo
janice,contillo
maryann,cole
michael,cole
cheryl,campanini
robert,horton
david,mink
donna,mink
justin,mink
mara,cole
robert,cole
emily,cole
aileen,cole
john,ostrander
nathaniel,satterley
sarah,satterley
kristen,verducci
henry,verducci
luciano,verducci
karissa,petersen
wai,leung
richard,brown
sandra,brown
richard,brown
nicholas,brown
nicole,farrell
robin,cassell
sandra,chaffee
paul,macera
isabel,caton
dennis,caton
james,duffy
john,cirelli
bernadette,rouse
john,rouse
gary,st onge
blair,st onge
cameron,st onge
david,duquette
melanie,sperry duquette
jackson,sperry
maya,sperry
d,damico
elizabeth,chapralis
albert,aubee
azilda,aubee
patricia,aubee
matthew,sayer
colleen,sayer
patricia,sayer
janis,lamb
joel,niemi
jennifer,niemi
joel,niemi
dylan,niemi silva
albert,leavitt
dawn,bassett
william,bassett
jennifer,brayton
kevin,forand
marion,faria
edward,faria
melissa,chin
rickie,chin
john,anstirman
r,cormier
harrison,elkay
edward,tarnowski
marcia,tarnowski
edward,tarnowski
matthew,tarnowski
deirdre,newbold
charles,nardone
susan,nardone
michael,nardone
lucille,cameron
james,doris
catherine,schultz
melissa,larson
michael,schultz
shyanne,schultz
vanessa,schultz
deborah,foss
david,leo
brandon,leo
pamela,pawlowski
sara,seelenbrandt
emilio,dipaolo
rosemarie,dipaolo
alexandra,dipaolo
nicole,dipaolo
rachel,dipaolo
michael,squillace
dorothy,squillace
virginia,talbot
jesse,amado
lucia,amado
alexander,amado
gabriella,amado
david,miller
kathryn,quina
laila,miller
arthur,andrade
courtney,ambrosino
kris,costa
kenneth,clukey
patricia,arnao
dawn,brindamour
giovanni,paris
katia,paris
beatrice,capuano
jane,therrien
richard,therrien
robert,johnson
stella,johnson
kristin,hayes-leite
richard,leite
reilly,hayes
aaron,brown
brittany,brown
kathryn,lawrence
dorothy,fassbender
kenneth,kretkowski
stephanie,siconio kretkowski
esther,briggs
michael,feeney
melissa,miller
dorothy,boisvert
lynn,guillemette
jeffrey,guillemette
marja,sweet
erik,mills
kyle,pezza
bethany,parillo
lori,barrone
michael,pitocchi
dennis,waddington
doreen,waddington
frederick,waddington
mary,dupuis
david,parrillo
christopher,mignone
jacqueline,gonnelli
madelyn,carrington
natalie,parrillo
christine,dufficy
matthew,dufficy
aaron,dufficy
alexandra,dufficy
stephen,blais
sara,blais
anthony,altrui
elaine,altrui
kristin,altrui
carole,altrui
john,altrui
robert,curran
diane,nunes
roderick,nunes
marilyn,maher
sophiea,keo
ciarra,pigeon
audrey,tedeschi
joseph,tedeschi
sandra,tedeschi
robin,zola
michael,zola
kathleen,day bennett
james,kelley
diane,selby
lindsay,selby
johanna,orourke
ronald,orourke
steven,orourke
manuel,lobao
matthew,treat
lisa,sicard
kyle,gerard
cameron,gerard
kevin,kerrigan
marie,kerrigan
ethan,kerrigan
rachel,kerrigan
julianna,kerrigan
lauren,grady
ryan,grady
lori,souza
preston,souza
barbara,conway
celinda,kofron
david,truchon
leigha,truchon
michael,kofron
eric,governo
jodi,joseph
marita,rachiele
michael,rachiele
michaela,rachiele
kaitlyn,rachiele
barbara,rudolf
justin,rudolf
eileen,godbout
edmond,godbout jr
meghan,godbout
kyle,godbout
kevin,dulieu
lori,dulieu
ryan,dulieu
alyssa,dulieu
reid,dulieu
patricia,harrington
margaret,harrington
conor,harrington
brenda,gardiner
mark,gardiner
carmen,iacobo
giovanni,calise
bruno,vecchiarelli
wi,deangelus
therese,picard
timothy,picard
timothy,picard
colby,ferretti
brian,zurowski
jeffrey,zurowski
marie,zurowski
michael,zurowski
john,macdonald
melissa,macdonald
brittney,fusco
craig,malesra
steve,senra
shandra,pelagio
scott,pelagio
brianna,arruda
shelly,arruda
angelo,nardolillo
michael,pelosky
sherry,pelosky
danielle,holme
opal,murray
kyle,murray
erica,jacobsen
gunnar,jacobsen
justin,jacobsen
owen,jacobsen
domenic,ferri
domenic,ferri
elaine,ferri
anthony,caprio
michele,caprio
michael,caprio
benjamin,viti
alexandria,souza
robert,cormier
jill,cormier
john,renza
marianne,renza
samuel,beale
helen,reiss
lauren,renza
john,renza
paul,matrullo
sharon,matrullo
gerald,round
erin,langlois
lisa,round
william,beattie
howard,smith
ellen,callahan
benjamin,callahan
jillian,callahan
james,callahan
dana,dacosta
robert,dacosta
sydney,dacosta
parker,dacosta
karen,dilorenzo
stephani,dilorenzo
john,keefe jr
matthew,scanlon
susan,scanlon
colin,antonelli
caleb,ricci
michael,antonelli
lisa,gemma
matthew,gemma
mary,deignan-white
steven,white
nicholas,white
susan,hopkins
ellis,hopkins
jennifer,carroll
paul,carroll
joseph,mancino
patricia,meireles
michele,riccitelli
steven,riccitelli
lori,whalen
jeffery,whalen
fortunata,lobuono
santo,lobuono
cinzia,lobuono
chrysoula,darosa
elio,darosa
bradford,youngdahl
ryan,darosa
leann,cionci
gerard,shepard
jacqueline,shepard
leanne,labanca
richard,labanca
nicholas,labanca
mark,sousa
gina,sousa
kristin,anastasiades
rebecca,anastasiades
collin,pile
kathryn,handshaw
cheryl,kasulaitis
albert,kasulaitis jr
katherine,kasulaitis
meaghan,kasulaitis
mark,ziobrowski
lisamarie,delsanto
thomas,delsanto
leslie,capece
richard,capece
richard,capece
hannah,capece
perry,day
dina,difiore day
samantha,day
scott,glass
susana,glass
christian,caron
colleen,caron
zachary,caron
joshua,caron
noah,caron
karen,dantonio
joseph,dantonio
janice,grace
ronald,grace
deborah,byron
jennifer,byron
bryan,gordon
susan,gordon
zachary,gordon
mckayla,therrien
henry,pelletier
eugenia,timmermans
william,timmermans
lisa,hanley
joseph,hanley
elena,davidson
ronald,davidson
ann,ronci
lynn,marandola tortolani
ariana,tortolani
robert,tortolani
danielle,feole
christine,vendettuoli
marianne,flynn
susan,obrien
jennifer,obrien
timothy,diener
lorraine,mercier
michelle,diener
derek,hodges
joseph,checrallah
maria,checrallah
lucille,renzi
bernard,renzi
victoria,casale
kenneth,rivard
david,rivard
daniel,rivard
barbara,bliss
ann,roccio
william,roccio
lori,ruggieri
dennis,cannon
joan,cannon
eileen,klimaj
diane,ruggieri
regina,ruggieri
elaine,thurber
william,thurber
ann,mcdermott
john,mcdermott
kevin,mcdermott
jessica,mcdermott
adam,cornell
jennifer,larsh
joseph,larsh
heidi,campbell
rita,panzini
heather,mc namara
jeannine,finnerty
linda,conti
william,conti
kathleen,silvia
james,kirch
lori,kirch
christopher,kirch
allison,kirch
wanda,hermanowski
keresa,bunch
melissa,parker
denise,saccoccio
melissa,monteiro
terrell,parker
thomas,doherty
alison,brown
heather,doherty
holly,doherty
michelle,doherty
kerry,rosati
lindsay,rosati
john,sundstrom
richard,thayer
amy,sundstrom
barbara,gaglione
margaret,lawrence
theodore,lawrence
peter,lawrence
diane,gouveia
jarrett,gouveia
derrik,gouveia
deborah,mehringer
william,aaron
anthony,dalmazzi
kenneth,lapre
matthew,criscuolo
michael,wodecki
laura,beverly
dorothy,winward
john,winward
julie,winward
ololade,falola
olamide,oduyingbo
josephine,oduyingbo
iyabode,akinsinde
david,ellingwood
david,ellingwood
loxi,ellingwood
sandra,ellingwood
colin,smith
julie,smith
maureen,smith
alicia,jackvony
vincent,jackvony
david,austin
monica,austin
camryn,austin
daniel,rouse
bruce,emery
steven,brunelle
hilda,herbert
john,herbert
steven,brunelle
carol,robinson
claudia,robinson
ramona,wolf
raymond,wolf
ashlee,wolf
joyce,saucier
audrey,swetz
david,tepeguezian
maureen,brown
samuel,brown
christine,deffley
michael,deffley
james,deffley
scott,deffley
william,riccitelli
lori,sinape
shirley,sinape
richard,lafollette
leo,plante
joseph,carbone
steven,carbone
kerri,carbone
paula,maclellan
robert,maclellan
gail,carpinone
geraldine,marcoccio
david,tasca
christie,tasca
carl,tasca
iuna,tasca
josephine,tasca
carl,tasca
carrie,tasca
jayne,tasca
michael,tasca
robert,tasca
gabrielle,vario
kirk,loiselle
joanna,matteson
derek,matteson
misael,velazquez
carol,almonte
ingrid,velazquez
manuel,velazquez
bianca,almonte
diana,hopkins
james,hopkins
kali,perkins
keith,loiselle
brandon,damota
taylor,kenyon
lenora,nero
robert,nero
wendy,naylor
david,weston
denise,weston
sarah,weston
david,weston
christal,hebert
darcee-ann,etchells
dennis,etchells
nathan,hebert
clinton,smith
elizabeth,branch
britany,etchells
brian,etchells
ashley,turano etchells
michael,badessa
jeanne,dupuis
james,hitchiner
nancy,hitchiner
michael,hitchiner
dorothy,blanchette
kevin,blanchette
derek,blanchette
stephen,mitchell
joanne,mitchell
breana,mitchell
paul,oleary
terese,tetreau
brittany,wood
kelly,brown
jean,pugliese
john,pugliese
david,pugliese
daniel,pugliese
burness,guidry
margaret,guidry
remy,guidry
toby,guidry
elaine,furtado
jennifer,coutu
mary,coutu
caitlynn,dixon
michael,coutu
christopher,herbert
brian,lizotte
kristen,herbert
dorothy,finnerty
janelle,adams
justine,bordeleau
david,bordeleau
mary,crawford
dianne,frenze
paul,fontaine
corinne,nowell
michael,nowell
david,lysik
jason,fricker
erik,lambert
sacha,stein
jake,chaplin
carolyn,comeau
richard,comeau
barbara,jenison
jennifer,wilcox
katelyn,wilcox
eric,wilcox
stephen,klein
daniel,gulley
daniel,gulley
david,gulley
nelson,pedro
rita,pedro
susan,winfield
bradford,nazareth
donald,rathbun
mary,rathbun
holly,chace
lisa,silvia
maureen,mahoney
joseph,lian
brandon,lian
nicholas,lian
sarah,pimentel
daniel,connaughton
karen,connaughton
kyle,saunders
arundeep,mittra
melody,mittra
paulette,bowers
colin,bowers
darlene,shlesinger
edward,shlesinger
kaylee,shlesinger
kyra,shlesinger
amy,andrade
daniel,andrade
ashley,leja
mark,harrington
thomas,pimentel
harley,bartlett
jacqueline,bartlett
emma,bartlett
tyla,mccaffrey pimentel
brent,gencarella
bobette,salemi
staci,gencarella
robert,gencarella
karlene,gunderman
wayne,gunderman
ashtyn,gunderman
rachelle,masello
nikaylia,masello
scott,masello
ana,lucianno
kenneth,lucianno
mario,costa
shawn,costa
ernest,langlais
pauline,langlais
serena,andrade
april,bradford
raymond,bradford
alfred,gauvin
lynne,gauvin
anthony,stradone
deirdre,stradone
helen,stradone
judy,edmiston
james,dembishack
michael,ferrucci
christian,ferrucci
michael,ferrucci
donna,ferrucci
michael,vieira
sandra,vieira
christopher,vieira
robert,despres
janice,olivier
jessica,olivier
danielle,olivier
diego,arroyave
aimee,olivier
elaine,larcher
paul,larcher
amy,briggs
jeannine,st jean
ronald,st jean
matthew,st jean
debra,defusco
john,birchall
albert,ursillo
amy,ursillo
peter,winfield
matthew,winfield
michael,winfield
brendan,gill
william,gill
mary,ryan-gill
joseph,reeves
alfred,levasseur
melissa,bruno
stephen,bruno
rachel,jenkins
erica,smith
michael,smith
christine,jenkins
wayne,jenkins
sydney,jenkins
jason,watts
cynthia,phillips
charles,phillips
bruce,hanson
kathleen,hanson
katherine,hanson
donald,dantuono
emma,dantuono
kathleen,oneill
robert,oneill
katherine,figueroa
james,washburn
tricia,washburn
brenda,vanner
brianna,deming
craig,deming
morgan,deming
mary,deming
alan,burns
lori,lombardi-burns
carol,cerreto
michael,cerreto
nathan,cerreto
tabitha,adams
nicholas,cerreto
elenore,ignacio
noah,sklaroff
gregory,tameleo
david,grudzien
kami,allen
kyle,grudzien
terry,grudzien
jared,allen
john,loven
judith,loven
janet,hanson
jeffrey,hanson
jared,hanson
virginia,grossi
kaylen,grossi
benjamin,bell
norma,crosby
jeffrey,crosby
zachary,crosby
nickolas,crosby
rebecca,crosby
amanda,verrier
michael,verrier
debra,durrell
doris,durrell
sandra,massey
alan,oloughlin
jacqueline,baccaire
john,baccaire
jason,greenberg
melissa,greenberg
crystal,carpenter
jacob,carpenter
dorothy,dean
john,flint
nicholas,cambio
amie,cambio
pauline,velleco
andrea,mayer
kathy,ray
bradford,mayer
george,laperche
lori,laperche
kurt,rethorn
erika,rethorn
edward,clemence
elisa,clemence
karen,tedesco
everett,amaral
theresa,amaral
anthony,amaral
brenda,smith
kimberly,stokinger
joseph,stokinger
william,paquette
heather,landry
virginia,paquette
william,paquette
jessica,rainville
roland,rainville
susan,rainville
jessica,rodrigues
peter,rodrigues
diane,papineau
michael,papineau
mark,clancy
athena,fidas
barbara,fidas
james,cahoon
serena,cahoon
andrew,deery
travis,phillips
carol,degraide
kent,degraide
carol,rondeau
richard,rondeau
bryan,rondeau
danielle,rondeau
george,searle
nancy,searle
ilse,richard
robert,richard
denise,davenport
malcolm,davenport
krystal,smith
beverly,gilman
david,gilman
donna,dube
christopher,dube
arthur,allen
meredith,allen
barbara,seagrave
raymond,seagrave
michael,powers
kathleen,powers
janice,olivieri
ashley,olivieri
ralph,olivieri
alex,meehan
domenico,picozzi
mindy,picozzi
anthony,iannuccilli
margaret,sandin
joseph,campanini
grace,farley
james,farley
nicholas,campanini
desiree,sherman
jessica,mello
cathy,kelley
paul,kelley
ryan,kelley
allison,kelley
kelly,hittner
victor,hittner
tyler,hittner
jay,cummiskey
nicole,famularo
julie,cone
kenneth,pina
carolyn,martin
lisa,fratus
kaitlyn,fratus
lori,farias
thomas,farias
tracy,farias
inez,cole
nancy,lachapelle
peter,lachapelle
merrill,cole
mildred,cole
rita,cole
jason,hargreaves
nicholas,lebeau
constance,hargreaves
deborah,howes
robert,howes
robert,howes
claire,girard
claudette,baughan
glenna,forsythe
william,forsythe
charles,forsythe
william,forsythe
adam,gendron
thomas,flint
stephen,boegler
debbie,shelburn
claudine,sigman
gordan,sigman
deana,tomaselli
raymond,st germain
dawn,carlos
john,carlos
nichole,cardin
james,pitocco
jenna,pitocco
james,pitocco
wayne,pitman
jacqueline,magnan
lori,coletta
mary,baron
terry,baron
maria,vaughn
richard,vaughn
richard,vaughn
bianca,mancini
marco,mancini
terence,orourke
anthony,ferrucci
elizabeth,albro
kelly,albro
steven,albro
eric,albro
frank,macera
ann,reis
pamela,bazar
francis,finn
vicki,finn
frank,soares
arthur,snow
paula,snow
michele,kusiak
scott,kusiak
tara,kusiak
gaige,kusiak
russell,constantineau
aimee,constantineau
sara,constantineau
roberta,denellio
frank,denellio
carol,heron
karen,heron
robert,heron
muriel,imondi
william,imondi
holly,turner
michael,connelly
stephanie,lukasiewicz
derek,iorfida
vincent,oddo
jennifer,campbell
leslie,popefka
craig,kaplan
paul,matheu
craig,matheu
brittany,borden
stacy,benedict
russell,smith
laura,landen
gino,mazzenga
paola,mazzenga
marcella,mazzenga
olayinka,folami
lookman,folami
basirat,folami
suleman,bello
cadri,folami
christopher,izzo
kelly,izzo
spencer,izzo
deborah,wier
lawrence,wier
anthony,diiorio
joann,diiorio
matthew,maguire
susan,maguire
matthew,maurano
caitlin,maguire
alan,pagliarini
adelaide,knight
marinah,janello
alma,green
david,miller
lisa,ventetuolo
justin,hendershot
anna,derita
david,ferreira
maria,ferreira
alyssa,ferreira
kathleen,torregrossa
caitlin,souza
joy,souza
robert,souza
madeline,souza
abigail,souza
yuri,alexander
lubov,alexander
leo,alexander
melanie,baker
carl,saccoccio
christian,saccoccio
eva,luna-suero
donna,lima
margaret,saccoccio
timmy,saccoccio
elaine,bucci
donald,bucci
robert,hopkins
caitlin,hopkins
irene,scolavino
richard,scolavino
kathleen,king
dale,saccoccio
kevin,saccoccio
christine,brown
kevin,brown
brianna,brown
brian,landy
matthew,harris
brook,demerchant
michael,fitzgerald
michael,klitzner
domenic,klitzner
albin,thurn
betty,thurn
janet,ragno
kathleen,ragno
mark,ragno
lori,paolino
michael,paolino
deborah,baker
gilbert,baker
jillian,baker
gina,mcdonald
james,mcdonald
olivia,braga
stephen,abbate
catherine,stockley
robert,stockley
ellen,casey
thomas,hemmendinger
anna,hemmendinger
samuel,hemmendinger
gary,duval
barbara,duval
arthur,lima
christene,perreault
denis,perreault
mary,perreault
michael,maddalena
joyce,ricci maddalena
john,distefano
alexander,bewley
john,deveny
marcy,deveny
michelle,blanding
david,blanding
normajeanne,golde
robert,golde
james,ahern
matthew,ahern
abbie,groves
bernadette,groves
joslyn,groves
ralph,groves
kyla,groves
francisca,mcgrady
chadsie,zoglio
dianna,masterson
ryan,mcgrady
adam,heroux
syndi,scribner
carol,maynard
roland,maynard
timothy,maynard
michael,hague
cara,benjamin
kevin,jenkins
kathleen,garcia
william,garcia
wiliam,garcia
kate,garcia
marc,jacques
jenna,jacques
jacqueline,jackson
robert,jackson
priscilla,brown
richard,brown
holly,brown
sandra,chatelle
leland,jones
linda,jones
nicole,perez
debra,judge
gary,judge
aaron,judge
gary,baker
margaret,baker
david,hunt
kathleen,hunt
brittany,hunt
ryan,hunt
deborah,masterson
melinda,masterson
jill,masterson
trevor,kennison
darlene,lemoi
titan,lemoi
patrick,donahue
paula,donahue
amanda,donahue
william,young
albert,chapdelaine
angela,franco
deborah,mchugh
dana,franco
daniel,caya
michael,macedo
julie,silva
keri,franco
harry,franco
kathleen,franco
louis,franco
michele,moore
mark,moore
emily,oakley
michael,moore
caleb,morton
patricia,maxwell
albert,roy
stephen,beausejour
rebecca,beausejour
nichole,beausejour
david,lamoureux
robert,lamoureux
christine,morton
robert,morton
loren,baccaire
branden,baccaire
tyler,baccaire
ryan,baccaire
kathleen,puerini
anthony,puerini
anthony,puerini
irene,leveillee
paul,leveillee
cassandra,holman
deborah,sambuco
leonard,sambuco
samuel,leveillee
cindy,leveillee
lynn,macaruso
michael,macaruso
madison,macaruso
sydney,macaruso
joseph,maggiacomo
angela,maggiacomo
roberta,millette
nicholas,sommerville
nathan,millette
linda,deluca
miriam,silverman
mark,bergeron
tara,bergeron
joseph,casimiro
annmarie,casimiro
charles,browning
rhonda,sprague
courtney,bousquet
rosemarie,guertin
eric,guertin
elizabeth,sarra
frank,sarra
linda,dorval
richard,dorval
maria,depasquale
steven,depasquale
justin,depasquale
lisa,leonard
walter,richard
veronica,walsh
paolo,marino
daniel,wiley
anthony,gaudiana
deborah,sneath
peter,sneath
gina,mahoney
kyle,albert
alexandra,manzo
angela,pettiway
cheryl,amitrano
robert,amitrano
michael,amitrano
lorraine,amitrano
kaylaann,mcnichols
carolanne,mcnichols
robert,mcnichols
jerome,roche
maryjean,roche
christina,roche
andrew,roche
david,chirico
lori,chirico
valerie,chirico
kyle,chirico
michael,kelley
sandra,kelley
paul,moreau
lisa,moreau
diane,cyr
jonathan,cyr
roger,cyr
janine,hesford
scott,hesford
gianna,hesford
jake,hesford
elizabeth,dubois
audrey,dubois
emily,dubois
evelyn,dubois
gregory,bender
brooke,bender
donna,pannone
richard,pannone
samantha,pannone
richard,pannone
jeannette,bender
sandy,meek
cindy,tew
sue,tew
danette,howell
edward,dibiasio
janice,conroy
norman,riley
edmund,conroy
joyce,healey-sirois
david,sirois
allen,durand
denise,etchells
stephen,etchells
jessica,etchells
barbara,lopes
dennis,lopes
linda,cwiek
carol,obrien
scott,obrien
jake,murray
nicole,murray
deborah,brink
arthur,hodde
sean,carroll
jason,divona
sharon,divona
yvonne,costello
carlos,dominguez
cristian,hernandez jerez
armanda,dominguez
cynthia,johnson
janet,audet
karen,kitchen
barry,triplett
lori,suibielski
diane,loranger
dennis,loranger
joan,tomaszewski
martha,asermely
ellen,asermely
mary,asermely
barbara,auger
norman,auger
barbara,wolfenden
norman,moore
brianna,gadomski
sheila,stadnick
stephanie,northup
thelma,andrade
joseph,andrade
janie,wolfenden
roy,pizarro
naomi,dubeau
wayne,hannagan
shane,hannagan
david,dubeau
ashley,fisher
gregory,archambault
jeffrey,fraser
debra,carroll
robert,carroll
aline,carroll
joseph,midolo
sarah,lavallee
david,lavallee
david,lavallee
patricia,lavallee
melanie,quinn
ryan,quinn
devon,quinn
michael,laroche
cherie,chaves
nicholas,chaves
michael,deangelis
jake,chaves
rui,chaves
selma,prairie
michael,prairie
howard,gay
jonathan,gay
linda,gay
amy,causey
tyler,baxter
clarence,baxter
eric,pena
brenda,spaziano
john,spaziano
karen,hillman
louis,joseph
brian,joseph
kyle,grace
john,votaw
cynthia,votaw
donna,apicerno-dalton
thomas,dalton
david,pacheco
suzanne,pacheco
jennifer,pacheco
nathan,pacheco
leo,saucier
alice,saucier
carol,chatell
james,chatell
brandy,graff
jessie,mcburney
linda,palazzo
barbara,parisella
mark,parisella
mark,parisella
amanda,parisella
joseph,meneghini
ann,meneghini
michael,gardner
dylan,gardner
corey,gardner
lindsay,goward
keith,goward
denis,coutu
rosina,coutu
patrick,kelly
gerald,ivone
kathy,ivone
keith,ivone
ryan,ivone
brian,leclair
donna,leclair
jennifer,cook spadoni
janet,bellows
joyce,bellows
robert,bellows
emily,bellows
allison,bellows
jessica,bellows
cheryl,keaney
todd,haley
lisa,gailey
howard,bock
donna,bonneau
james,bonneau
denise,smith
james,bonneau
thomas,bonneau
karena,ruggiero
donna,gibb
kenneth,gibb
kristopher,gibb
brenda,sepe
raymond,sepe
donna,santoro
marie,harrison
william,harrison
briana,harrison
michael,harrison
cheryl,prignano
stephen,prignano
christina,prignano
lindsey,prignano
gail,lynch
e,depasquale
basima,al-jallad
ahmad,al-jallad
talal,al-jallad
joseph,sciacca
rita,sciacca
marilyn,mckiernan
frederick,mckiernan
kimberly,mckiernan
patrick,mckiernan
denise,venditelli
steven,venditelli
domenic,cannella
tiana,cannella
domenico,cannella
george,morrison
maria,morrison
claudette,rawlinson
thomas,rawlinson
samantha,rawlinson
ronald,meleleu
lauretta,converse
mark,converse
christa,converse
emily,converse
carolyn,ostrander
george,ostrander
richard,tardiff
lisa,tardiff
joel,tryhubczak
terry,burke
brenda,neary
francis,neary
byron,carrington
evan,carrington
taylor,carrington
cynthia,mullin
james,mullin
james,mullin
nancy,muserlian
kenneth,muserlian
michael,scalzo
sherri-lee,scalzo
gary,yates
cynthia,budway
robert,budway
alyssa,stepinski
jolanta,stepinski
richard,stepinski
jennifer,dutch
james,mercurio
paula,mercurio
jenelle,mercurio
alana,mercurio
ashley,aucoin
jeremy,aucoin
andrea,mullen
darlene,grant
edward,grant
monique,grant
sean,grant
christopher,florio
joanne,grattage
harold,grattage
christine,kennedy
james,kennedy
james,jeranka
dina,jeranka
gina,mahoney
tori,mahoney
mike,mallozzi
jonathan,mahoney
emily,mallozzi
gregory,mahoney
tina,mahoney
deborah,barnard
jeffery,greene
shawn,antonucci
charles,collins
amy,pray
christopher,dimartino
angela,dimartino
jarod,dimartino
molly,dimartino
john,rudolph
john,rudolph
valerie,rudolph
courtney,griffith
megan,sauco
william,dandrow
dennis,colvin
donald,coates
lynn,bates
amanda,king
elizabeth,wegener
paula,santiano
myriam,stettler
courtney,powers
marc,marelli
gertrude,anderson
cassandra,anderson
mark,anderson
susan,anderson
alexander,herbert
jacob,anderson
martin,linstrom
herman,rego
anne,linstrom
edward,mancini
elaine,mancini
beth,faria
sheri,paulhus
mark,paulhus
arthur,carr
jackson,jennings
patricia,jennings
courtney,dulieu
dean,ciarlo
thomas,gaffney
joseph,cayer
brian,martin
brian,martin
kady,youngs
kenny,barroso
elisha,barroso
douglas,nelson
donna,rouse
tiffany,goodnesss
daithen,frament
sharon,currier
erin,dinobile
lori,peters
richard,peters
christine,poccia
james,poccia
james,poccia
james,pocc
nancy,gowdey
dorothy,blow
alana,ventetuolo pezzuco
john,allan
mary,allan
nicole,stearns
timothy,haley
matthew,golatto
dennis,decorpo
michael,eckles
mary,cornell
laurie,marandola
lauren,eckles
frank,mooney
valerie,mooney
justine,mooney
normand,pineault
carol,robinson
john,robinson
susan,woodbury
james,britcliffe
christopher,theiss
kenneth,theiss
brianna,crowley
nora,denny
matthew,robideau
lori,pimentel
angela,palermo
vanessa,christiansen
amy,antonelli
justin,bourque
david,greenstein
deborah,greenstein
susan,greenstein
douglas,peluso
amber,peluso
edward,flanagan
kimberly,smith
daniel,lavery
mary,gabrielsen
lynn,hazard
thomas,hazard
vanessa,hazard
serge,bouyssou
barrington,medeiros
katelyn,bouyssou
serge,bouyssou
dawn,suhr
elizabeth,bouyssou
paula,mulvey
brian,mulvey
maria,machado
sonia,corbin
joseph,corbin
alice,engel
kristopher,jeschke
douglas,huff
luke,clarke
susan,clarke
tiffany,clarke
allan,willson
heidi,willson
ethan,willson
noah,willson
elizabeth,willson
olympia,hattoy
david,hattoy
amanda,feeney
amanda,turner
ryan,rodier
nicole,rodier
bryan,manni
gregory,tumolo
david,delsanto
lucille,eva
robert,eva
arthur,loranger
dorothy,loranger
dorothy,loranger
linda,cordeiro
corinne,cordeiro
michael,cordeiro
barbara,flori
peter,flori
beverly,sutton
brian,sutton
april,amiot
mark,amiot
roger,auger
suzanne,auger
paula,hill
richard,hill
richard,hill
meghan,hill
elizabeth,williams
julianne,desimone
andrew,vigeant
cassia,delaney
kimberly,sutcliffe
arthur,desautels
veronica,desautels
everet,desilets
laurence,reyes
cheryl,gardner
paula,greene
ryan,matheu
terra,carson
jessica,lamoureux
jennifer,myers
phillip,myers
erin,matheu
mark,brinkman
katherine,brinkman
margaret,harris
david,nunes
arlene,palombo
thomas,walsh
brenda,walsh
conor,murphy
kerri,saucier
jocelyn,palmieri
john,chevalier
justin,chevalier
judith,jarvis
henry,stacy
lois,ruzzo
laura,domenicone
vicky,white
lori,parkhurst
marie,holland
kevin,parkhurst
tabitha,coutu
patricia,schnaible
robert,schnaible
richard,tardiff
kyle,schnaible
gerard,cayer
alisha,difilippo
karen,difilippo
maureen,kennedy
jeffrey,kennedy
charlene,lataille
denise,riel
angela,anderson
mary,lepry
herbert,zakrison
sandra,zakrison
shirley,rudolph
sharon,marsocci
derek,jones
maurice,hart
shirley,comeau
ryan,comeau
tara,comeau
frederick,comeau
alexis,scanlon
michael,scanlon
marguerita,mann
caroline,maynard
gale,hunt
marilyn,langlais
michael,langlais
maegan,langlais
michelle,langlais
dina,elhelw
justin,winward
william,smith
keri,smith
lynn,dicristofaro
michael,mcdonald
mary,mckenna
peter,mckenna
nancy,sedgley
brian,sedgley
melisa,bromley
nicolas,sedgley
nadia,sedgley
edward,knight
edward,knight
jolene,knight
karen,dicristoforo
michael,berard
brian,dicristofaro
benjamin,berard
elaine,murphy
james,mountain
james,mountain
elaine,mountain
thomas,mountain
antonio,farias
antonio,farias
laurie,simpson
amanda,simpson
lincoln,sutcliffe
sandra,sutcliffe
mary,manning-morse
robert,morse
elizabeth,morse
catherine,morse
magdalena,andreozzi
richard,testa
joseph,andreozzi
stephen,goulet
james,seidel
karen,seidel
jason,morgera
patricia,russell
jacqueline,russell
karen,pepin
myrna,pepin
julio,soprano
joanne,soprano
linda,soprano
giovanna,soprano
cheryl,hagan
scott,hagan
david,hagan
morgan,hagan
evelyn,maggiacomo
joseph,maggiacomo
karen,maggiacomo
salvatore,maggiacomo
salvatore,maggiacomo
gabriella,maggiacomo
frank,carbone
linda,carbone
jaclyn,carbone
anthony,carbone
armand,dinofrio
lori,dinofrio
michael,yena
phyllis,yena
robert,dicristofaro
doreen,charland
donna,buehrer
ralph,buehrer
robert,buehrer
bret,buehrer
angelo,moretti
maria,moretti
cheryl,ricci
william,ricci
william,ricci
adele,petrarca
ennio,petrarca
lois,richard
russell,richard
joseph,barreira
renee,barreira
nicholas,barreira
talia,barreira
david,reitmeyer
nancy,zambarano
rebecca,sprague
elizabeth,mitchell
john,mitchell
brenna,mitchell
chad,mitchell
paige,mitchell
nicholas,bouchard
nathan,bouchard
robert,janus
carol,janus
david,narcisi
diane,narcisi
jean,birrell
robert,birrell
robert,birrell
christopher,birrell
ryan,birrell
kaitlyn,birrell
keryn,birrell
lisa,dematteo
william,dematteo
thomas,dematteo
alice,madden
kenneth,madden
christopher,johnson
karen,johnson
karl,johnson
douglas,caverly
shannon,caverly
nancy,caverly
linda,goolgasian
martin,goolgasian
annie,keefe
audrey,troll
michael,troll
samantha,troll
michael,cronan
lisa,cronan
michael,cronan
jessica,chisholm
william,chisholm
catherine,macrae
joseph,macrae
pamela,macrae
madison,macrae
christine,melton
todd,thompson
jonathan,ford
louis,tourony
kimberly,tourony
david,yates
dorilynn,yates
marie,collins
william,major
madison,dellagrotta
emily,gruszka
halina,gruszka
jonathan,gruszka
peter,piette
emily,piette
jessica,brochu
wyatt,brochu
joyce,sevigny
joseph,sevigny
kenneth,buonaiuto
tracy,buonaiuto
katelyn,buonaiuto
ryan,buonaiuto
john,dewaele
lauren,dewaele
sean,dewaele
lisa,metivier
joshua,metivier
russell,dias
alfred,bourque
michelle,cauldwell
nathan,cauldwell
david,rebholz
kristy,dennis
marissa,silva
baxter,brooke
james,hendrickson
sonia,hendrickson
sybil,hendrickson
christopher,bergantine
meagan,camp
kerry,dauplaise
adam,dauplaise
charlotte,archambault
donald,archambault
lori,meo
steven,meo
henry,meo
fred,deming
jane,deming
dean,cairone
gina,cairone
eric,kusche
steven,kidd
maria,kidd
jacqueline,kidd
elizabeth,white
david,bert
joseph,lentini
mary,lentini
john,roderick
john,roderick
jared,roderick
tyler,roderick
althea,connetti
david,connetti
jessica,connetti
dezsoe,halmi
lynn,halmi
jonathan,halmi
joshua,dichristofaro
agnes,nelson
eric,seabury
alicia,seabury
isabel,escobar
elizabeth,dauphinee
warner,dauphinee
dorothy,coogan
joseph,duarte
paul,howard
elizabeth,fitzgibbons
paul,fitzgibbons
patricia,yanno
kristina,dwyer
patricia,ciarlo
ralph,ciarlo
lorna,ciarlo
shannon,claussen
jess,camp
gregory,forte
josephine,forte
makayla,forte
judith,poccia
richard,poccia
kathryn,poccia
alexandria,poccia
albert,giusti
lisa,giusti
miranda,giusti
courtney,mckenna
gail,mckenna
kevin,mckenna
carol,mcphillips
mark,mcphillips
mark,mcphillips
steven,mcphillips
kelly,mcphillips
ashley,marrow
john,medeiros
katherine,medeiros
cheryl,greene
michael,greene
joseph,catanzaro
cameron,ruark
brian,pastore
john,pastore
louise,pastore
valerie,milliron
jonathan,milliron
betty,gaffney
joy,audet
leonard,audet
lolita,audet
lisa,therrien
leona,barratt
roland,barratt
taylor,morrison
trisha,morrison
britnee,torres
mark,torres
tammy,kenyon
william,kenyon
devyn,kenyon
anthony,pezzuco
stephen,pezzuco
louis,pezzuco
aron,foss
scott,langlais
brittany,langlais
erica,langlais
edward,langlais
arthur,langlais
doris,langlais
linda,foss
steven,foss
melissa,argenti
john,adams
mona,cardente
nancy,finkelberg
steven,finkelberg
elise,paradis
alan,paradis
nancy,wolf
roberta,abrahamson
susan,keener
diane,bestwick
robert,bestwick
joyce,langlais
kathleen,langlais
daniel,langlais
heather,langlais
janice,nagle
joseph,nagle
colin,nagle
adria,lazur
samuel,lazur
christian,herard
christine,herard
danielle,herard
dominic,herard
lindsay,bush
bethanie,calvitto
claire,lamore
melanie,armoush
nancy,armoush
robert,armoush
samuel,armoush
noah,maguire
linda,maguire
robert,maguire
mario,macera
sofia,macera
mario,macera
hovsep,sarkisian
ellen,hutchins
stephen,hutchins
hayley,hutchins
sarah,hutchins
margaret,hutchins
caleb,hutchins
robert,barber
sara,barber
austin,barber
emma,barber
gerald,lepore
lora,lepore
rhonda,ferrante andrews
richard,andrews
deborah,lussier
theodore,lussier
michelle,lussier
eric,lussier
hua,wang
ericsson,anstirman
michael,anstirman
ronald,brouillard
felix,anstirman
terence,anstirman
ryland,ballard
laura,insley
robert,capounde
leeann,ballard
maria,martinez
ann,henry
john,argente
cynthia,renaud
paul,renaud
shania,renaud
harry,charland
daniel,morin
lindsay,gardiner
daniel,morin
danielle,morin
william,tougas
trish,tougas
marie-ange,johnstone
william,johnstone
henry,roma
adam,gardiner
matthew,bouchard
thomas,desaulniers
matthew,dean
aaron,dean
james,gibbons
megan,gibbons
donna,reedy
frank,reedy
donna,fuller
kim,winnard
darlene,simpson
antonia,loudermilk
ralph,loudermilk
richard,ray
lucille,deblois
jennifer,dilorenzo
tiffanymarie,tarbox
adriane,gorski
rose,tarbox
raymond,tarbox
brittany,richard
celine,peterson
janet,byrne
anita,sowers
dylan,sowers
justin,sowers
george,lamake
michele,harris
brian,leach
lauren,leach
ann,huntoon
howard,huntoon
janice,tasca
lori,rosaki
joyce,martin
daniel,gauvin
frances,leblanc
brian,cook
jennifer,cook
arthur,delfino
ryan,lax
david,hayes
jessica,hayes
roger,wemyss
angela,stewart
brian,knight
lauralynn,knight
john,holscher
joyce,sampietro holscher
robert,legault
kristin,carlino
anthony,arrico
norma,codori
robin,xiong
peter,xiong
jason,valcourt
denise,adams
joshua,adams
alyssa,adams
victor,ricci
vittorio,ricci
christina,ricci
charles,birmingham
ronald,birmingham
cassandra,burns
sarkis,hairabedian
tanner,trevino
riley,trevino
stephanie,phat
jenny,debiasio
john,mowry
elizabeth,dermuksian
simon,dermuksian
samir,abdelmessih
samira,abdelmessih
sara,abdelmessih
selvona,abdelmessih
simone,abdelmessih
sandra,abdelmessih
christopher,herbert
mike,dambra
elizabeth,ricci
jamie,ricci
jennifer,ricci
jessica,ricci
kenneth,stavntski
henry,deion
judith,deion
debra,siravo
richard,siravo
lynne,deion
paul,deion
kurt,deion
olivia,deion
anthony,dimuccio
m,adams
rachael,adams
jann,adams
yvonne,palombo
janis,desmarais
joseph,desmarais
nicholas,violante
timothy,finnegan
kristen,finnegan
ann,catanzaro
stephen,catanzaro
dominick,barresi
martha,bower
robert,bower
carlene,newman
zackary,severino
charles,norman
madison,norman
shana,jennette
craig,pieranunzi
patricia,pieranunzi
donna,pieranunzi
shane,hottin
dean,pieranunzi
matthew,jennette
keith,barry
gerald,luongo
kristen,barry
linda,luongo
kayla,barry
paige,ring
rita,charrette
shirley,gail
diana,degroof
joshua,stockwell
graham,hayes
mary,hayes
william,ruggieri
william,kennedy
lauren,kennedy
louise,mowry
john,lambert
earl,lambert
arthur,searle
abigail,searle
daniel,searle
lea,menzies
danielle,thornber
christopher,kowal
raymond,burns
rebecca,burns
lee,thornber
tracey,thornber
douglas,vincent
eugene,card
linda,card
christopher,kite
kathryn,kite
michele,kowal
stacey,peiczarek
justin,peiczarek
raymond,peiczarek
tenny,girard
ty,girard
donna,jusczyk
steven,jusczyk
joan,debold
renee,pepler
abbey,pepler
marcia,ledoux
wayne,ledoux
kimberly,yeaw
thomas,yeaw
sydney,yeaw
lorena,bergstrom
robert,bergstrom
roberta,parsons
donald,jones
kellie,jones
sarah,jones
karen,casale
helen,rose
thomas,casale
ralph,misto
deborah,greene
edward,greene
thomas,grabbert
jerry,demaster
laura,demaster
breanna,mckeon
diane,mckeon
eric,mckeon
dwight,colvin
lillian,colvin
barbara,colvin
christine,winward
jason,winward
andre,hattoy
yolande,hattoy
paula,richard
theodore,richard
versa,stamp
frederick,greene
lillian,greene
elsie,cornell
john,deruosi
paula,deruosi
paul,petrozzi
duncan,burns
craig,wolf
brandi,wolf
aron,carpenter
michelle,carpenter
mark,maloney
katharine,cassidy-devito
bradley,taylor
warren,hill
suzanne,soprano
kristina,soprano
gianna,soprano
william,capuano
jason,arrighie
hollie,arrighie
stacia,berube
grace,batista
renee,dwyer
james,dwyer
ronald,ucci
sandra,ucci
carolyn,picano
victoria,picano
stephen,picano
ginamaria,tassinari
steven,tassinari
robert,tassinari
evdoxia,xynellis
shelbe,ring
margaret,evans
etta,manocchio
barbara,larose
dorothy,stamp
maria,dellagrotta
elizabeth,romano
paul,romano
jean,iannuccilli
leo,iannuccilli
kathryn,baker
ryan,baker
helen,haley
cynthia,farrell starbuck
bruce,mitchell
katherine,mitchell
edward,farrell starbuck
zoe,mitchell
john,marietti
adrian,cilento
bethany,mazza
peter,letourneau
eric,croce
kristen,croce
brendan,croce
alexander,croce
cameron,croce
amy,sencer
jeremy,sencer
sandra,hopkins
michael,arruda
arthur,arevian
margaret,arevian
tanya,arevian
dona,dolan
matthew,ouellette
kerri,toolan
sheri,sharp
jason,sharp
julia,kilguss
colleen,cooney
kathleen,maguire
mary,cooney
william,cooney
patricia,disciullo
steven,disciullo
daniel,comella
joan,comella
barbara,liberatore
alexandra,willard
elaine,uva
jon,giampietro
melissa,giampietro
lisa,redding
madalyn,redding
judith,carroccio
nolan,redding
joseph,pilosa
diane,catanzaro
gloria,szymkowicz-petroski
linda,cotter
anna,diraimo
michele,diraimo
gwendolyn,feole
stephen,feole
nichole,soscia
jeffrey,soscia
christine,giorgi
dennis,giorgi
michaele,colizza
vincent,colizza
serena,colizza
nicholas,colizza
ryan,russo
cheryll,mccormick
james,mccormick
bradley,draycott
maxwell,draycott
virginia,draycott
colleen,conley
giulia,dartista
victor,dartista
benny,dartista
cheryl,roy
raymond,roy
david,erickson
erin,erickson
stephen,wyke
lori,sweeney
william,sweeney
elizabeth,ragosta
david,barishian
george,barishian
margaret,barishian
robert,ceprano
carol,ceprano
ann,imperatore
karen,lynch
william,lynch
shane,lynch
scott,lynch
carlene,andrea
brian,andrea
kaitlin,mello
adele,milnes
karen,diggle
ronald,baker
lindsey,desjarlais
raymond,tucker
alexsa,hesford gay
ryan,gay
therese,lavallee
paul,lavallee
eileen,bettez
shane,bettez
wendy,bettez
lawrence,martorano
eleanor,martorano
keith,barry
sharon,lavigne
louis,caldarone
rachel,caldarone
cory,caldarone
patricia,perry
joseph,guerreiro
judiann,guerreiro
paul,macamaux
allie,macamaux
lisa,pepper
patrick,pepper
raymond,ferreira
arthur,lemery
kathleen,lemery
kyle,lemery
linda,zanni
michael,zanni
jimmie,penrod
stacie,penrod
manolo,crisp
robert,martin
robert,badessa
dorothy,badessa
tyler,badessa
melissa,phillips
timothy,phillips
andrew,phillips
marilyn,petrosinelli
guido,petrosinelli
beverly,littlejohn
scott,littlejohn
alyssa,littlejohn
nathan,littlejohn
patricia,susi
robert,susi
mary,tondreau
gregory,tondreau
paul,ricciardi
rosella,ricciardi
alison,ricciardi
victoria,ricciardi
jason,pilderian
steven,parker
daniel,salzillo
jeanne,feeney
sharon,gravell
jared,gravell
rhonda,oneill
michael,oneill
rita,calabrese
stephen,calabrese
debra,ruzzano
robert,ruzzano
neil,ruzzano
michaela,ruzzano
ann,pinheiro
brandon,pinheiro
damian,pinheiro
haley,pinheiro
stephen,ricci
lynn,blanchette
jeffrey,blanchette
robert,slimm
patricia,slimm
olivia,christiansen
tracy,allhusen
craig,allhusen
kyle,allhusen
dylan,allhusen
karen,cottam
thomas,cottam
thomas,cottam
mallory,cottam
joseph,darpino
sira,darpino
luca,darpino
john,ferri
susan,ferri
claire,iacobucci
thomas,iacobucci
jacqueline,iacobucci
scott,iacobucci
julie,dorsi
crystal,banville
joseph,banville
zachary,dorsi
christina,decristofano
albert,decristofano
matthew,jackvony
donna,case
gary,case
karyn,elias
scott,elias
frances,finizia
eileen,prochet
raymond,prochet
andrew,schanck
nathan,patenaude
brenda,church
john,munko
johnathan,munko
paula,munko
kurt,munko
janet,silva
jessica,silva
richard,silva
matthew,silva
isabel,neves
kailee,neves
gary,durbano
patricia,durbano
meghan,durbano
kaitlyn,durbano
robin,richardson
samuel,jackvony
deborah,kiselica
michael,kiselica
kristine,barone
kurt,barone
kenneth,belanger
teresa,belanger
bob,cooper
lynne,driscoll
joshua,driscoll
daniel,driscoll
samantha,cannon
dennis,jarret
patricia,jarret
david,howes
theresa,howes
laurie,roberts
york,roberts
whitney,roberts
marie,landry
paul,landry
michael,waterman
denis,dionne
ethan,dionne
kyle,braga
karen,bergander
regina,bertoldi  braga
jennifer,rotondo
brian,williams
robert,magiera
susan,magiera
nathan,magiera
jarrod,magiera
bernard,poitras
elizabeth,poitras
joyce,barthelemy
kenneth,barthelemy
kevin,barthelemy
joseph,murphy
michael,cambra
alyssa,bostrom
alisa,hammond
james,hammond
madeline,hammond
leslie,carter
steve,carter
emily,carter
george,latos
patricia,latos
stephanie,latos
trudy,cipriano
daniel,saccucci
kimberly,saccucci
joseph,vitullo
leona,vitullo
sophia,audet
beatriz,audet
deborah,abeshaus
marc,abeshaus
cheryl,enright
edward,enright
john,mahoney
andrew,catanzaro
amy,catanzaro
cody,frey
gail,lamantia
james,gibbons
gary,mason
robert,d'orsi
theresa,d'orsi
thomas,corvi
thomas,brown
martha,brown
christopher,rivas
joseph,labrie
lorraine,labrie
renee,labrie
diane,smith
rachel,smith
richard,smith
paul,simonelli
donna,simonelli
matthew,simonelli
nathan,simonelli
zachary,simonelli
michele,crudale
alfred,crudale
james,collins
lenore,mercurio
marian,lavallee
joseph,lavallee
tammy,cardillo
barbara,langlais
paul,langlais
carleen,warburton
heather,warburton
michael,warburton
shane,warburton
albert,dicarlo
mary,dicarlo
christine,dicarlo
michelle,dicarlo
daniel,forbes
dennis,greenless
thomas,robinson
diane,warburton
elaine,warburton
annette,vallone
steven,vallone
denise,warburton
william,warburton
madeleine,boie
robert,boie
robert,boie
mary,neely boie
edward,myers
eileen,myers
michael,myers
david,catanzaro
jennifer,catanzaro
camden,pond
anthony,diiorio
donna,diiorio
hilda,pizzuti
robert,pizzuti
lucilia,squadrito
grace,masquelette
melissa,masquelette
philip,masquelette
george,pedro
barbara,pedro
manuel,martins
alexander,lermontov
nina,lermontov
david,barricelli
janice,barricelli
michael,skodras
kristen,skodras
dolores,parise
bruce,zaniol
michael,olin
laura,zaniol
vincent,cambio
robert,gasbarro
donna,truppi
joseph,truppi
linda,giampietro
richard,giampietro
lauren,giampietro
john,paoletta
susan,paoletta
joseph,paoletta
angela,paoletta
christopher,haskins
renee,haskins
miranda,manser
stuart,manser
cynthia,pezzuco
cynthia,bentley
michael,bentley
andrew,bentley
matthew,bentley
pamela,carosi
nadia,jourabchi
nicole,jourabchi
john,tessitore
judith,weidenbacher
ava,tessitore
lia,tessitore
jaime,calabro
michael,calabro
bruce,gaglione
diane,gaglione
vincent,capuano
rose,mastrati
lisa,dilibero
steven,dilibero
dylan,dilibero
luke,dilibero
angelo,romano
jacqueline,romano
rachele,romano
lori,darezzo squillace
darren,squillace
darren,squillace
nicholas,tella
julie,tella
ann,thompson
leo,thompson
tanya,casale
michelle,san souci
maria,difanti
christopher,difanti
gail,kaplan
steven,kaplan
ann,vessella
matthew,kaplan
robert,vessella
thomas,vessella
carolyn,ferragamo
roger,ferragamo
pamela,rossi
david,papitto
catherine,papitto
alexandra,papitto
madeline,papitto
bryan,beagan
paul,ward smith
tammy,beagan
michael,dipanni
patricia,dipanni
roxane,moricas
zackary,moricas
roxane,dipanni
nancy,briggs
john,buxton
martha,buxton
sarah,buxton
ernest,gifford
isabel,gifford
linda,trainor
mark,trainor
teresa,alexander
paul,alexander
jacqueline,mckenna
john,mckenna
donald,lavigne
deborah,lavigne
guy,castonguay
melissa,castonguay
